TableName,FieldName,column_id,DateType,MaxLength,PandasDataType,Include
BKManagedSpecific,TransID,1,bigint,8,object,
BKManagedSpecific,Loan1TransType,2,char,2,object,
BKManagedSpecific,Loan2TransType,3,char,2,object,
BKManagedSpecific,DeedTransType,4,char,2,object,
BKManagedSpecific,BKFSPID,5,int,4,object,
BKManagedSpecific,FIPS,6,char,5,object,
BKManagedSpecific,BatchID,7,int,4,object,
BorrowerMailAddress,TransId,1,bigint,8,object,
BorrowerMailAddress,BorrowerMailSequenceNumber,2,smallint,2,object,
BorrowerMailAddress,BorrowerMailCareOfName,3,varchar,250,object,
BorrowerMailAddress,BorrowerMailHouseNumber,4,varchar,13,object,
BorrowerMailAddress,BorrowerMailHouseNumberExt,5,varchar,10,object,
BorrowerMailAddress,BorrowerMailStreetPreDirectional,6,char,2,object,
BorrowerMailAddress,BorrowerMailStreetName,7,varchar,50,object,
BorrowerMailAddress,BorrowerMailStreetSuffix,8,varchar,6,object,
BorrowerMailAddress,BorrowerMailStreetPostDirectional,9,char,2,object,
BorrowerMailAddress,BorrowerMailBuildingName,10,varchar,45,object,
BorrowerMailAddress,BorrowerMailBuildingNumber,11,varchar,15,object,
BorrowerMailAddress,BorrowerMailFullStreetAddress,12,varchar,80,object,
BorrowerMailAddress,BorrowerMailCity,13,varchar,45,object,
BorrowerMailAddress,BorrowerMailState,14,char,2,object,
BorrowerMailAddress,BorrowerMailZip,15,varchar,5,object,
BorrowerMailAddress,BorrowerMailZip4,16,char,4,object,
BorrowerMailAddress,OriginalBorrowerMailFullStreetAddress,17,varchar,100,object,
BorrowerMailAddress,OriginalBorrowerMailAddressLastline,18,varchar,100,object,
BorrowerMailAddress,BorrowerMailAddressStndCode,19,char,1,object,
BorrowerMailAddress,BorrowerMailAddressMatchCode,20,char,1,object,
BorrowerMailAddress,BorrowerMailAddressUnitDesignatorCode,21,varchar,10,object,
BorrowerMailAddress,BorrowerMailAddressUnitNumber,22,varchar,11,object,
BorrowerMailAddress,BorrowerMailAddressCarrierRoute,23,char,4,object,
BorrowerMailAddress,BorrowerMailAddressFIPSCode,24,varchar,5,object,
BorrowerMailAddress,BorrowerMailAddressLatitude,25,decimal,"9,6",float64,
BorrowerMailAddress,BorrowerMailAddressLongitude,26,decimal,"9,6",float64,
BorrowerMailAddress,BorrowerMailAddressCensusTractAndBlock,27,varchar,16,object,
BorrowerMailAddress,BorrowerMailAddressConfidenceScore,28,tinyint,1,float64,
BorrowerMailAddress,BorrowerMailAddressCBSACode,29,int,4,object,
BorrowerMailAddress,BorrowerMailAddressCBSADivisionCode,30,int,4,object,
BorrowerMailAddress,BorrowerMailAddressMatchType,31,tinyint,1,object,
BorrowerMailAddress,BorrowerMailAddressDPV,32,char,1,object,
BorrowerMailAddress,BorrowerMailAddressGeocodeQualityCode,33,varchar,10,object,
BorrowerMailAddress,BorrowerMailAddressQualityCode,34,varchar,10,object,
BorrowerMailAddress,LoadID,35,bigint,8,object,
BorrowerMailAddress,FIPS,36,char,5,object,
BorrowerMailAddress,BatchID,37,int,4,object,
BorrowerName,TransId,1,bigint,8,object,
BorrowerName,BorrowerFirstMiddleName,2,varchar,60,object,
BorrowerName,BorrowerLastName,3,varchar,75,object,
BorrowerName,BorrowerIndividualFullName,4,varchar,135,object,
BorrowerName,BorrowerNonIndividualName,5,varchar,250,object,
BorrowerName,BorrowerNameSequenceNumber,6,int,4,object,
BorrowerName,BorrowerMailSequenceNumber,7,smallint,2,object,
BorrowerName,LoadID,8,bigint,8,object,
BorrowerName,FIPS,9,char,5,object,
BorrowerName,BatchID,10,int,4,object,
BorrowerNameDescriptionCode,TransId,1,bigint,8,object,
BorrowerNameDescriptionCode,BorrowerDescriptionStndCode,2,char,2,object,
BorrowerNameDescriptionCode,BorrowerDescSequenceNumber,3,int,4,object,
BorrowerNameDescriptionCode,BorrowerNameSequenceNumber,4,int,4,object,
BorrowerNameDescriptionCode,FIPS,5,char,5,object,
BorrowerNameDescriptionCode,BatchID,6,int,4,object,
BuyerMailAddress,TransId,1,bigint,8,object,
BuyerMailAddress,BuyerMailSequenceNumber,2,smallint,2,object,TRUE
BuyerMailAddress,BuyerMailCareOfName,3,varchar,250,object,TRUE
BuyerMailAddress,BuyerMailHouseNumber,4,varchar,13,object,TRUE
BuyerMailAddress,BuyerMailHouseNumberExt,5,varchar,10,object,TRUE
BuyerMailAddress,BuyerMailStreetPreDirectional,6,char,2,object,TRUE
BuyerMailAddress,BuyerMailStreetName,7,varchar,50,object,TRUE
BuyerMailAddress,BuyerMailStreetSuffix,8,varchar,6,object,TRUE
BuyerMailAddress,BuyerMailStreetPostDirectional,9,char,2,object,TRUE
BuyerMailAddress,BuyerMailBuildingName,10,varchar,45,object,TRUE
BuyerMailAddress,BuyerMailBuildingNumber,11,varchar,15,object,TRUE
BuyerMailAddress,BuyerMailFullStreetAddress,12,varchar,80,object,TRUE
BuyerMailAddress,BuyerMailCity,13,varchar,45,object,TRUE
BuyerMailAddress,BuyerMailState,14,char,2,object,TRUE
BuyerMailAddress,BuyerMailZip,15,varchar,5,object,TRUE
BuyerMailAddress,BuyerMailZip4,16,char,4,object,TRUE
BuyerMailAddress,OriginalBuyerMailFullStreetAddress,17,varchar,100,object,TRUE
BuyerMailAddress,OriginalBuyerMailAddressLastline,18,varchar,100,object,
BuyerMailAddress,BuyerMailAddressStndCode,19,char,1,object,
BuyerMailAddress,BuyerMailAddressMatchCode,20,char,1,object,
BuyerMailAddress,BuyerMailAddressUnitDesignatorCode,21,varchar,10,object,
BuyerMailAddress,BuyerMailAddressUnitNumber,22,varchar,11,object,
BuyerMailAddress,BuyerMailAddressCarrierRoute,23,char,4,object,
BuyerMailAddress,BuyerMailAddressFIPSCode,24,varchar,5,object,
BuyerMailAddress,BuyerMailAddressLatitude,25,decimal,"9,6",float64,
BuyerMailAddress,BuyerMailAddressLongitude,26,decimal,"9,6",float64,
BuyerMailAddress,BuyerMailAddressCensusTractAndBlock,27,varchar,16,object,
BuyerMailAddress,BuyerMailAddressConfidenceScore,28,tinyint,1,float64,
BuyerMailAddress,BuyerMailAddressCBSACode,29,int,4,object,
BuyerMailAddress,BuyerMailAddressCBSADivisionCode,30,int,4,object,
BuyerMailAddress,BuyerMailAddressMatchType,31,tinyint,1,object,
BuyerMailAddress,BuyerMailAddressDPV,32,char,1,object,
BuyerMailAddress,BuyerMailAddressGeocodeQualityCode,33,varchar,10,object,
BuyerMailAddress,BuyerMailAddressQualityCode,34,varchar,10,object,
BuyerMailAddress,LoadID,35,bigint,8,object,
BuyerMailAddress,FIPS,36,char,5,object,
BuyerMailAddress,BatchID,37,int,4,object,
BuyerName,TransId,1,bigint,8,object,TRUE
BuyerName,BuyerFirstMiddleName,2,varchar,60,object,TRUE
BuyerName,BuyerLastName,3,varchar,75,object,TRUE
BuyerName,BuyerIndividualFullName,4,varchar,135,object,TRUE
BuyerName,BuyerNonIndividualName,5,varchar,250,object,TRUE
BuyerName,BuyerNameSequenceNumber,6,int,4,object,TRUE
BuyerName,BuyerMailSequenceNumber,7,smallint,2,object,TRUE
BuyerName,LoadID,8,bigint,8,object,
BuyerName,FIPS,9,char,5,object,
BuyerName,BatchID,10,int,4,object,
BuyerNameDescriptionCode,TransId,1,bigint,8,object,
BuyerNameDescriptionCode,BuyerDescriptionStndCode,2,char,2,object,
BuyerNameDescriptionCode,BuyerDescSequenceNumber,3,int,4,object,
BuyerNameDescriptionCode,BuyerNameSequenceNumber,4,int,4,object,
BuyerNameDescriptionCode,FIPS,5,char,5,object,
BuyerNameDescriptionCode,BatchID,6,int,4,object,
Delete,FIPS,1,char,5,object,
Delete,BatchID,2,int,4,object,
Delete,TransID,3,bigint,8,object,
ForeclosureNameAddress,TransId,1,bigint,8,object,
ForeclosureNameAddress,FCNameAddressSequenceNumber,2,smallint,2,object,
ForeclosureNameAddress,FCMailFirstMiddleName,3,varchar,60,object,
ForeclosureNameAddress,FCMailLastName,4,varchar,75,object,
ForeclosureNameAddress,FCMailIndividualFullName,5,varchar,135,object,
ForeclosureNameAddress,FCMailNonIndividualName,6,varchar,250,object,
ForeclosureNameAddress,FCMailCareOf,7,varchar,250,object,
ForeclosureNameAddress,FCMailFullStreetAddress,8,varchar,80,object,
ForeclosureNameAddress,FCMailBuildingName,9,varchar,45,object,
ForeclosureNameAddress,FCMailBuildingNumber,10,varchar,15,object,
ForeclosureNameAddress,FCMailUnitDesignator,11,varchar,10,object,
ForeclosureNameAddress,FCMailUnit,12,varchar,15,object,
ForeclosureNameAddress,FCMailCity,13,varchar,45,object,
ForeclosureNameAddress,FCMailState,14,char,2,object,
ForeclosureNameAddress,FCMailZip,15,varchar,5,object,
ForeclosureNameAddress,FCMailZip4,16,char,4,object,
ForeclosureNameAddress,FCTelephoneNumber,17,varchar,15,object,
ForeclosureNameAddress,FCNameAddressStndCode,18,char,1,object,
ForeclosureNameAddress,LoadID,19,bigint,8,object,
ForeclosureNameAddress,FIPS,20,char,5,object,
ForeclosureNameAddress,BatchID,21,int,4,object,
ForeclosureNODNOSDoc,TransId,1,bigint,8,object,
ForeclosureNODNOSDoc,OrigNODNOSRecSequenceNumber,2,int,4,object,
ForeclosureNODNOSDoc,OrigNODNOSRecordingDate,3,date,3,object,
ForeclosureNODNOSDoc,OrigNODNOSDocumentDate,4,date,3,object,
ForeclosureNODNOSDoc,OrigNODNOSDocumentNumber,5,varchar,25,object,
ForeclosureNODNOSDoc,OrigNODNOSBookNumber,6,varchar,10,object,
ForeclosureNODNOSDoc,OrigNODNOSPageNumber,7,varchar,10,object,
ForeclosureNODNOSDoc,LoadID,8,bigint,8,object,
ForeclosureNODNOSDoc,FIPS,9,char,5,object,
ForeclosureNODNOSDoc,BatchID,10,int,4,object,
ForeclosureOriginalLoan,TransId,1,bigint,8,object,
ForeclosureOriginalLoan,FCOrigLoanSequenceNumber,2,int,4,object,
ForeclosureOriginalLoan,FCOrigLoanRecordingDate,3,date,3,object,
ForeclosureOriginalLoan,FCOrigLoanDocumentDate,4,date,3,object,
ForeclosureOriginalLoan,FCOrigLoanDocumentNumber,5,varchar,25,object,
ForeclosureOriginalLoan,FCOrigLoanBookNumber,6,varchar,10,object,
ForeclosureOriginalLoan,FCOrigLoanPageNumber,7,varchar,10,object,
ForeclosureOriginalLoan,FCOrigLender,8,varchar,250,object,
ForeclosureOriginalLoan,FCOrigLenderTypeStndCode,9,char,2,object,
ForeclosureOriginalLoan,FCOrigLenderIDStndCode,10,varchar,6,object,
ForeclosureOriginalLoan,FCOrigLoanAmount,11,money,8,float64,
ForeclosureOriginalLoan,LoadID,12,bigint,8,object,
ForeclosureOriginalLoan,FIPS,13,char,5,object,
ForeclosureOriginalLoan,BatchID,14,int,4,object,
HawaiiBorrowerNotes,TransID,1,bigint,8,object,
HawaiiBorrowerNotes,BorrowerNotesSequenceNumber,2,smallint,2,object,
HawaiiBorrowerNotes,HawaiiBorrowerNotesStndCode,3,char,1,object,
HawaiiBorrowerNotes,HawaiiBorrowerNotes,4,varchar,300,object,
HawaiiBorrowerNotes,LoadID,5,bigint,8,object,
HawaiiBorrowerNotes,BorrowerNameSequenceNumber,6,int,4,object,
HawaiiBorrowerNotes,FIPS,7,char,5,object,
HawaiiBorrowerNotes,BatchID,8,int,4,object,
HawaiiGranteeNotes,TransID,1,bigint,8,object,
HawaiiGranteeNotes,GranteeNotesSequenceNumber,2,smallint,2,object,
HawaiiGranteeNotes,HawaiiGranteeNotesStndCode,3,char,1,object,
HawaiiGranteeNotes,HawaiiGranteeNotes,4,varchar,300,object,
HawaiiGranteeNotes,LoadID,5,bigint,8,object,
HawaiiGranteeNotes,GranteeNameSequenceNumber,6,int,4,object,
HawaiiGranteeNotes,FIPS,7,char,5,object,
HawaiiGranteeNotes,BatchID,8,int,4,object,
Legacy,TransID,1,bigint,8,object,
Legacy,SecondMtgLoanAmount,2,money,8,float64,
Legacy,SecondMtgeLenderTypeStndCode,3,char,2,object,
Legacy,WAExciseTaxNumber,4,varchar,25,object,
Legacy,TNPreviousDocumentNumber,5,varchar,25,object,
Legacy,TNPreviousPageNumber,6,varchar,10,object,
Legacy,LoadID,7,bigint,8,object,
Legacy,FIPS,8,char,5,object,
Legacy,BatchID,9,int,4,object,
Main,TransId,1,bigint,8,object,TRUE
Main,FIPS,2,char,5,object,TRUE
Main,State,3,char,2,object,TRUE
Main,County,4,varchar,50,object,TRUE
Main,DataClassStndCode,5,char,1,object,
Main,RecordTypeStndCode,6,char,1,object,
Main,RecordingDate,7,date,3,object,TRUE
Main,RecordingDocumentNumber,8,varchar,25,object,
Main,RecordingBookNumber,9,varchar,10,object,
Main,RecordingPageNumber,10,varchar,10,object,
Main,ReRecordedCorrectionStndCode,11,char,1,object,
Main,PriorRecordingDate,12,date,3,object,
Main,PriorDocumentDate,13,date,3,object,
Main,PriorDocumentNumber,14,varchar,25,object,
Main,PriorBookNumber,15,varchar,10,object,
Main,PriorPageNumber,16,varchar,10,object,
Main,DocumentTypeStndCode,17,char,4,object,
Main,DocumentDate,18,date,3,object,TRUE
Main,SignatureDate,19,date,3,object,
Main,EffectiveDate,20,date,3,object,TRUE
Main,BuyerVestingStndCode,21,char,2,object,
Main,BuyerMultiVestingFlag,22,char,1,object,
Main,PartialInterestTransferStndCode,23,char,1,object,
Main,PartialInterestTransferPercent,24,decimal,"5,3",float64,
Main,SalesPriceAmount,25,money,8,float64,TRUE
Main,SalesPriceAmountStndCode,26,char,2,object,TRUE
Main,CityTransferTax,27,money,8,float64,
Main,CountyTransferTax,28,money,8,float64,
Main,StateTransferTax,29,money,8,float64,
Main,TotalTransferTax,30,money,8,float64,
Main,IntraFamilyTransferFlag,31,char,1,object,TRUE
Main,TransferTaxExemptFlag,32,char,1,object,
Main,PropertyUseStndCode,33,char,2,object,TRUE
Main,AssessmentLandUseStndCode,34,varchar,5,object,TRUE
Main,OccupancyStatusStndCode,35,char,1,object,TRUE
Main,LegalStndCode,36,char,1,object,
Main,BorrowerVestingStndCode,37,char,2,object,
Main,LenderName,38,varchar,250,object,
Main,LenderTypeStndCode,39,char,2,object,
Main,LenderIDStndCode,40,varchar,6,object,
Main,LenderDBAName,41,varchar,135,object,
Main,DBALenderTypeStndCode,42,char,2,object,
Main,DBALenderIDStndCode,43,varchar,6,object,
Main,LenderMailCareOfName,44,varchar,250,object,
Main,LenderMailHouseNumber,45,varchar,13,object,
Main,LenderMailHouseNumberExt,46,varchar,10,object,
Main,LenderMailStreetPreDirectional,47,char,2,object,
Main,LenderMailStreetName,48,varchar,50,object,
Main,LenderMailStreetSuffix,49,varchar,6,object,
Main,LenderMailStreetPostDirectional,50,char,2,object,
Main,LenderMailFullStreetAddress,51,varchar,80,object,
Main,LenderMailBuildingName,52,varchar,45,object,
Main,LenderMailBuildingNumber,53,varchar,15,object,
Main,LenderMailUnitDesignator,54,varchar,10,object,
Main,LenderMailUnit,55,varchar,15,object,
Main,LenderMailCity,56,varchar,45,object,
Main,LenderMailState,57,char,2,object,
Main,LenderMailZip,58,varchar,5,object,
Main,LenderMailZip4,59,char,4,object,
Main,LoanAmount,60,money,8,float64,
Main,LoanAmountStndCode,61,char,1,object,
Main,MaximumLoanAmount,62,money,8,float64,
Main,LoanTypeStndCode,63,char,2,object,
Main,LoanTypeClosedOpenEndStndCode,64,char,1,object,
Main,LoanTypeFutureAdvanceFlag,65,char,1,object,
Main,LoanTypeProgramStndCode,66,char,2,object,
Main,LoanRateTypeStndCode,67,char,3,object,
Main,LoanDueDate,68,date,3,object,
Main,LoanTermMonths,69,int,4,float64,
Main,LoanTermYears,70,int,4,float64,
Main,InitialInterestRate,71,decimal,"5,3",float64,
Main,ARMFirstAdjustmentDate,72,date,3,object,
Main,ARMFirstAdjustmentMaxRate,73,decimal,"5,3",float64,
Main,ARMFirstAdjustmentMinRate,74,decimal,"5,3",float64,
Main,ARMIndexStndCode,75,varchar,5,object,
Main,ARMAdjustmentFrequencyStndCode,76,char,1,object,
Main,ARMMargin,77,decimal,"5,3",float64,
Main,ARMInitialCap,78,decimal,"5,3",float64,
Main,ARMPeriodicCap,79,decimal,"5,3",float64,
Main,ARMLifetimeCap,80,decimal,"5,3",float64,
Main,ARMMaxInterestRate,81,decimal,"5,3",float64,
Main,ARMMinInterestRate,82,decimal,"5,3",float64,
Main,InterestOnlyFlag,83,char,1,object,
Main,InterestOnlyTerm,84,char,3,object,
Main,PrepaymentPenaltyFlag,85,char,1,object,
Main,PrepaymentPenaltyTerm,86,char,3,object,
Main,BiWeeklyPaymentFlag,87,char,1,object,
Main,AssumabilityRiderFlag,88,char,1,object,
Main,BalloonRiderFlag,89,char,1,object,
Main,CondominiumRiderFlag,90,char,1,object,TRUE
Main,PlannedUnitDevelopmentRiderFlag,91,char,1,object,
Main,SecondHomeRiderFlag,92,char,1,object,
Main,OneToFourFamilyRiderFlag,93,char,1,object,TRUE
Main,ConcurrentMtgeDocOrBkPg,94,varchar,25,object,
Main,LoanNumber,95,varchar,45,object,
Main,MERSMINNumber,96,varchar,25,object,
Main,CaseNumber,97,varchar,45,object,
Main,MERSFlag,98,char,1,object,
Main,TitleCompanyName,99,varchar,250,object,
Main,TitleCompanyIDStndCode,100,varchar,6,object,
Main,AccommodationRecordingFlag,101,char,1,object,
Main,UnpaidBalance,102,money,8,float64,
Main,InstallmentAmount,103,money,8,float64,
Main,InstallmentDueDate,104,date,3,object,
Main,TotalDelinquentAmount,105,money,8,float64,
Main,DelinquentAsOfDate,106,date,3,object,
Main,CurrentLender,107,varchar,250,object,
Main,CurrentLenderTypeStndCode,108,char,2,object,
Main,CurrentLenderIDStndCode,109,varchar,6,object,
Main,TrusteeSaleNumber,110,varchar,25,object,
Main,AttorneyFileNumber,111,varchar,25,object,
Main,AuctionDate,112,date,3,object,
Main,AuctionTime,113,time,5,object,
Main,AuctionFullStreetAddress,114,varchar,80,object,
Main,AuctionCityName,115,varchar,45,object,
Main,StartingBid,116,money,8,float64,
Main,KeyedDate,117,date,3,object,
Main,KeyerID,118,varchar,10,object,
Main,SubVendorStndCode,119,varchar,5,object,
Main,ImageFileName,120,varchar,250,object,
Main,BuilderFlag,121,char,1,object,TRUE
Main,MatchStndCode,122,char,2,object,
Main,REOStndCode,123,varchar,6,object,
Main,UpdateOwnershipFlag,124,char,1,object,
Main,LoadID,125,bigint,8,object,
Main,StatusInd,126,int,4,object,
Main,TransactionTypeStndCode,127,char,1,object,
Main,BatchID,128,int,4,object,
Main,BKFSPID,129,int,4,object,
Main,ZVendorStndCode,130,char,3,object,
Main,SourceChkSum,131,int,4,object,
Modification,TransId,1,bigint,8,object,
Modification,ModLoanSequenceNumber,2,int,4,object,
Modification,OrigLoanRecordingDate,3,date,3,object,
Modification,LastModRecordingDate,4,date,3,object,
Modification,OrigLoanDocumentDate,5,date,3,object,
Modification,LastModDocumentDate,6,date,3,object,
Modification,OrigLoanORLastModDocumentNumber,7,varchar,25,object,
Modification,OrigLoanORLastModBookNumber,8,varchar,10,object,
Modification,OrigLoanORLastModPageNumber,9,varchar,10,object,
Modification,OrigLoanORLastModLoanAmount,10,money,8,float64,
Modification,LoadID,11,bigint,8,object,
Modification,FIPS,12,char,5,object,
Modification,BatchID,13,int,4,object,
PropertyInfo,TransId,1,bigint,8,object,TRUE
PropertyInfo,AssessorParcelNumber,2,varchar,50,object,TRUE
PropertyInfo,APNIndicatorStndCode,3,char,1,object,
PropertyInfo,TaxIDNumber,4,varchar,50,object,
PropertyInfo,TaxIDIndicatorStndCode,5,char,1,object,
PropertyInfo,UnformattedAssessorParcelNumber,6,varchar,50,object,TRUE
PropertyInfo,AlternateParcelNumber,7,varchar,50,object,
PropertyInfo,HawaiiCondoCPRCode,8,char,4,object,
PropertyInfo,PropertyHouseNumber,9,varchar,13,object,TRUE
PropertyInfo,PropertyHouseNumberExt,10,varchar,10,object,TRUE
PropertyInfo,PropertyStreetPreDirectional,11,char,2,object,TRUE
PropertyInfo,PropertyStreetName,12,varchar,50,object,TRUE
PropertyInfo,PropertyStreetSuffix,13,varchar,6,object,TRUE
PropertyInfo,PropertyStreetPostDirectional,14,char,2,object,TRUE
PropertyInfo,PropertyBuildingNumber,15,varchar,45,object,TRUE
PropertyInfo,PropertyFullStreetAddress,16,varchar,80,object,TRUE
PropertyInfo,PropertyCity,17,varchar,45,object,TRUE
PropertyInfo,PropertyState,18,char,2,object,TRUE
PropertyInfo,PropertyZip,19,varchar,5,object,TRUE
PropertyInfo,PropertyZip4,20,char,4,object,TRUE
PropertyInfo,OriginalPropertyFullStreetAddress,21,varchar,100,object,TRUE
PropertyInfo,OriginalPropertyAddressLastline,22,varchar,100,object,TRUE
PropertyInfo,PropertyAddressStndCode,23,char,1,object,TRUE
PropertyInfo,LegalLot,24,varchar,100,object,TRUE
PropertyInfo,LegalOtherLot,25,varchar,100,object,TRUE
PropertyInfo,LegalLotCode,26,char,2,object,
PropertyInfo,LegalBlock,27,varchar,50,object,
PropertyInfo,LegalSubdivisionName,28,varchar,200,object,TRUE
PropertyInfo,LegalCondoProjectPUDDevName,29,varchar,100,object,
PropertyInfo,LegalBuildingNumber,30,varchar,45,object,
PropertyInfo,LegalUnit,31,varchar,100,object,
PropertyInfo,LegalSection,32,varchar,100,object,
PropertyInfo,LegalPhase,33,varchar,50,object,
PropertyInfo,LegalTract,34,varchar,50,object,
PropertyInfo,LegalDistrict,35,varchar,45,object,
PropertyInfo,LegalMunicipality,36,varchar,50,object,
PropertyInfo,LegalCity,37,varchar,50,object,
PropertyInfo,LegalTownship,38,varchar,50,object,
PropertyInfo,LegalSTRSection,39,varchar,100,object,
PropertyInfo,LegalSTRTownship,40,varchar,15,object,
PropertyInfo,LegalSTRRange,41,varchar,15,object,
PropertyInfo,LegalSTRMeridian,42,varchar,35,object,
PropertyInfo,LegalSecTwnRngMer,43,varchar,165,object,
PropertyInfo,LegalRecordersMapReference,44,varchar,100,object,
PropertyInfo,LegalDescription,45,varchar,2000,object,
PropertyInfo,LegalLotSize,46,varchar,14,object,
PropertyInfo,PropertySequenceNumber,47,int,4,object,TRUE
PropertyInfo,PropertyAddressMatchcode,48,char,1,object,
PropertyInfo,PropertyAddressUnitDesignator,49,varchar,10,object,
PropertyInfo,PropertyAddressUnitNumber,50,varchar,11,object,
PropertyInfo,PropertyAddressCarrierRoute,51,char,4,object,
PropertyInfo,PropertyAddressGeoCodeMatchCode,52,char,1,object,
PropertyInfo,PropertyAddressLatitude,53,decimal,"9,6",float64,TRUE
PropertyInfo,PropertyAddressLongitude,54,decimal,"9,6",float64,TRUE
PropertyInfo,PropertyAddressCensusTractAndBlock,55,varchar,16,object,TRUE
PropertyInfo,PropertyAddressConfidenceScore,56,tinyint,1,float64,
PropertyInfo,PropertyAddressCBSACode,57,int,4,object,
PropertyInfo,PropertyAddressCBSADivisionCode,58,int,4,object,
PropertyInfo,PropertyAddressMatchType,59,tinyint,1,object,
PropertyInfo,PropertyAddressDPV,60,char,1,object,
PropertyInfo,PropertyGeocodeQualityCode,61,varchar,10,object,
PropertyInfo,PropertyAddressQualityCode,62,varchar,10,object,
PropertyInfo,FIPS,63,char,5,object,TRUE
PropertyInfo,LoadID,64,bigint,8,object,
PropertyInfo,ImportParcelID,65,bigint,8,object,TRUE
PropertyInfo,BKFSPID,66,int,4,object,
PropertyInfo,AssessmentRecordMatchFlag,67,tinyint,1,object,TRUE
PropertyInfo,BatchID,68,int,4,object,
RegionSpecific,TransID,1,bigint,8,object,
RegionSpecific,RecordingDistrict,2,char,3,object,
RegionSpecific,DualSystemRecordingStndCode,3,char,1,object,
RegionSpecific,DualSystemRecordingDate,4,date,3,object,
RegionSpecific,DualSystemDocumentNumber,5,varchar,25,object,
RegionSpecific,DualSystemBookNumber,6,varchar,10,object,
RegionSpecific,DualSystemPageNumber,7,varchar,10,object,
RegionSpecific,HawaiiPreviousDualSystemRecStndCode,8,char,1,object,
RegionSpecific,HawaiiPreviousDualSystemDocNumber,9,varchar,25,object,
RegionSpecific,TransferCertificateofTitleNumber,10,varchar,25,object,
RegionSpecific,HawaiiTransferTaxRate,11,char,3,object,
RegionSpecific,LegalHawaiiLandCourtAppNo,12,varchar,10,object,
RegionSpecific,LegalHawaiiLandCourtMapNo,13,varchar,10,object,
RegionSpecific,LegalHawaiiLandCourtConsolidationNo,14,varchar,10,object,
RegionSpecific,LegalHawaiiRegularSystemFilePlanNo,15,varchar,10,object,
RegionSpecific,SaleResultsOrStatusStndCode,16,char,1,object,
RegionSpecific,LoadID,17,bigint,8,object,
RegionSpecific,FIPS,18,char,5,object,
RegionSpecific,BatchID,19,int,4,object,
SellerMailAddress,TransId,1,bigint,8,object,
SellerMailAddress,SellerMailSequenceNumber,2,smallint,2,object,
SellerMailAddress,SellerMailAddressStndCode,3,char,1,object,
SellerMailAddress,SellerMailCareOfName,4,varchar,250,object,
SellerMailAddress,SellerMailHouseNumber,5,varchar,13,object,
SellerMailAddress,SellerMailHouseNumberExt,6,varchar,10,object,
SellerMailAddress,SellerMailStreetPreDirectional,7,char,2,object,
SellerMailAddress,SellerMailStreetName,8,varchar,50,object,
SellerMailAddress,SellerMailStreetSuffix,9,varchar,6,object,
SellerMailAddress,SellerMailStreetPostDirectional,10,char,2,object,
SellerMailAddress,SellerMailBuildingName,11,varchar,45,object,
SellerMailAddress,SellerMailBuildingNumber,12,varchar,15,object,
SellerMailAddress,SellerMailFullStreetAddress,13,varchar,80,object,
SellerMailAddress,SellerMailCity,14,varchar,45,object,
SellerMailAddress,SellerMailState,15,char,2,object,
SellerMailAddress,SellerMailZip,16,varchar,5,object,
SellerMailAddress,SellerMailZip4,17,char,4,object,
SellerMailAddress,OriginalSellerMailFullStreetAddress,18,varchar,100,object,
SellerMailAddress,OriginalSellerMailAddressLastline,19,varchar,100,object,
SellerMailAddress,SellerMailAddressMatchCode,20,char,1,object,
SellerMailAddress,SellerMailAddressUnitDesignatorCode,21,varchar,10,object,
SellerMailAddress,SellerMailAddressUnitNumber,22,varchar,11,object,
SellerMailAddress,SellerMailAddressCarrierRoute,23,char,4,object,
SellerMailAddress,SellerMailAddressFIPSCode,24,varchar,5,object,
SellerMailAddress,SellerMailAddressLatitude,25,decimal,"9,6",float64,
SellerMailAddress,SellerMailAddressLongitude,26,decimal,"9,6",float64,
SellerMailAddress,SellerMailAddressCensusTractAndBlock,27,varchar,16,object,
SellerMailAddress,SellerMailAddressConfidenceScore,28,tinyint,1,float64,
SellerMailAddress,SellerMailAddressCBSACode,29,int,4,object,
SellerMailAddress,SellerMailAddressCBSADivisionCode,30,int,4,object,
SellerMailAddress,SellerMailAddressMatchType,31,tinyint,1,object,
SellerMailAddress,SellerMailAddressDPV,32,char,1,object,
SellerMailAddress,SellerMailAddressGeocodeQualityCode,33,varchar,10,object,
SellerMailAddress,SellerMailAddressQualityCode,34,varchar,10,object,
SellerMailAddress,LoadID,35,bigint,8,object,
SellerMailAddress,FIPS,36,char,5,object,
SellerMailAddress,BatchID,37,int,4,object,
SellerName,TransId,1,bigint,8,object,
SellerName,SellerFirstMiddleName,2,varchar,60,object,
SellerName,SellerLastName,3,varchar,75,object,
SellerName,SellerIndividualFullName,4,varchar,135,object,
SellerName,SellerNonIndividualName,5,varchar,250,object,
SellerName,SellerNameSequenceNumber,6,int,4,object,
SellerName,SellerMailSequenceNumber,7,smallint,2,object,
SellerName,LoadID,8,bigint,8,object,
SellerName,FIPS,9,char,5,object,
SellerName,BatchID,10,int,4,object,
SellerNameDescriptionCode,TransId,1,bigint,8,object,
SellerNameDescriptionCode,SellerDescriptionStndCode,2,char,2,object,
SellerNameDescriptionCode,SellerDescSequenceNumber,3,int,4,object,
SellerNameDescriptionCode,SellerNameSequenceNumber,4,int,4,object,
SellerNameDescriptionCode,FIPS,5,char,5,object,
SellerNameDescriptionCode,BatchID,6,int,4,object,